{"cameraMode":{"drawMode":0,"name":"Shaded","section":"Shading Mode"},"sceneLighting":false,"audioPlay":false,"sceneViewState":{"showFog":true,"showMaterialUpdate":false,"showSkybox":false,"showFlares":true,"showImageEffects":true,"showParticleSystems":true,"showVisualEffectGraphs":true,"m_FxEnabled":true},"in2DMode":false,"pivot":{"x":0.0009298324584960938,"y":0.39985817670822146,"z":0.1810758113861084},"rotation":{"x":-0.19341713190078736,"y":-0.18651115894317628,"z":0.037485022097826007,"w":-0.9625144004821777},"size":2.9550583362579347,"orthographic":false}